{
  "id": "PinCollections",
  "name": "Pin Collections",
  "description": "Pin your favorite collections to the Jellyfin homescreen",
  "version": "1.0.0",
  "owner": "jellyfin",
  "category": "General",
  "imageUrl": "https://raw.githubusercontent.com/jellyfin/jellyfin-ux/master/icons/icon-transparent.png",
  "status": "Active",
  "autoUpdate": true,
  "type": "UserInterface",
  "startupType": "Auto",
  "targetAbi": "10.8.0.0",
  "framework": "net6.0",
  "overview": "Pin collections to your homescreen for quick access",
  "guid": "eb5d7894-8eef-4b36-aa6f-5d124e828ce1",
  "previewImage": "",
  "timestamp": "2024-01-10 00:00:00",
  "isEmbeddedPlugin": false,
  "canUninstall": true,
  "configuration": {
    "UserConfig": {
      "type": "Object",
      "label": "User Configuration",
      "description": "Per-user pinned collections configuration"
    }
  }
}